{
 "kind": "books#volumes",
 "totalItems": 463,
 "items": [
  {
   "kind": "books#volume",
   "id": "GjgQCwAAQBAJ",
   "etag": "CwHsbQzx8PU",
   "selfLink": "https://www.googleapis.com/books/v1/volumes/GjgQCwAAQBAJ",
   "volumeInfo": {
    "title": "Harry Potter e a Pedra Filosofal",
    "authors": [
     "J.K. Rowling"
    ],
    "publisher": "Pottermore Publishing",
    "publishedDate": "2015-12-08",
    "description": "Harry Potter é um garoto cujos pais, feiticeiros, foram assassinados por um poderosíssimo bruxo quando ele ainda era um bebê. Ele foi levado, então, para a casa dos tios que nada tinham a ver com o sobrenatural. No dia de seu aniversário de 11 anos, Harry descobre sua verdadeira história e seu destino: ser um aprendiz de feiticeiro até o dia em que terá que enfrentar a pior força do mal, o homem que assassinou seus pais. Potter fica sabendo que é a única pessoa a ter sobrevivido a um ataque do tal bruxo do mal e essa é a causa da marca em forma de raio que ele carrega na testa. Ele não é um garoto qualquer, ele sequer é um feiticeiro qualquer; ele é Harry Potter, símbolo de poder, resistência e um líder natural entre os sobrenaturais.",
    "industryIdentifiers": [
     {
      "type": "ISBN_13",
      "identifier": "9781781103685"
     },
     {
      "type": "ISBN_10",
      "identifier": "1781103682"
     }
    ],
    "readingModes": {
     "text": true,
     "image": true
    },
    "pageCount": 223,
    "printType": "BOOK",
    "categories": [
     "Juvenile Fiction"
    ],
    "averageRating": 5.0,
    "ratingsCount": 1,
    "maturityRating": "NOT_MATURE",
    "allowAnonLogging": true,
    "contentVersion": "1.7.10.0.preview.3",
    "panelizationSummary": {
     "containsEpubBubbles": false,
     "containsImageBubbles": false
    },
    "imageLinks": {
     "smallThumbnail": "http://books.google.com/books/content?id=GjgQCwAAQBAJ&printsec=frontcover&img=1&zoom=5&edge=curl&source=gbs_api",
     "thumbnail": "http://books.google.com/books/content?id=GjgQCwAAQBAJ&printsec=frontcover&img=1&zoom=1&edge=curl&source=gbs_api"
    },
    "language": "pt",
    "previewLink": "http://books.google.com.br/books?id=GjgQCwAAQBAJ&printsec=frontcover&dq=HARRY+POTTER&hl=&cd=1&source=gbs_api",
    "infoLink": "https://play.google.com/store/books/details?id=GjgQCwAAQBAJ&source=gbs_api",
    "canonicalVolumeLink": "https://play.google.com/store/books/details?id=GjgQCwAAQBAJ"
   },
   "saleInfo": {
    "country": "BR",
    "saleability": "FOR_SALE",
    "isEbook": true,
    "listPrice": {
     "amount": 24.9,
     "currencyCode": "BRL"
    },
    "retailPrice": {
     "amount": 24.9,
     "currencyCode": "BRL"
    },
    "buyLink": "https://play.google.com/store/books/details?id=GjgQCwAAQBAJ&rdid=book-GjgQCwAAQBAJ&rdot=1&source=gbs_api",
    "offers": [
     {
      "finskyOfferType": 1,
      "listPrice": {
       "amountInMicros": 2.49E7,
       "currencyCode": "BRL"
      },
      "retailPrice": {
       "amountInMicros": 2.49E7,
       "currencyCode": "BRL"
      },
      "giftable": true
     }
    ]
   },
   "accessInfo": {
    "country": "BR",
    "viewability": "PARTIAL",
    "embeddable": true,
    "publicDomain": false,
    "textToSpeechPermission": "ALLOWED",
    "epub": {
     "isAvailable": true,
     "acsTokenLink": "http://books.google.com.br/books/download/Harry_Potter_e_a_Pedra_Filosofal-sample-epub.acsm?id=GjgQCwAAQBAJ&format=epub&output=acs4_fulfillment_token&dl_type=sample&source=gbs_api"
    },
    "pdf": {
     "isAvailable": true,
     "acsTokenLink": "http://books.google.com.br/books/download/Harry_Potter_e_a_Pedra_Filosofal-sample-pdf.acsm?id=GjgQCwAAQBAJ&format=pdf&output=acs4_fulfillment_token&dl_type=sample&source=gbs_api"
    },
    "webReaderLink": "http://play.google.com/books/reader?id=GjgQCwAAQBAJ&hl=&printsec=frontcover&source=gbs_api",
    "accessViewStatus": "SAMPLE",
    "quoteSharingAllowed": false
   },
   "searchInfo": {
    "textSnippet": "Harry Potter é um garoto cujos pais, feiticeiros, foram assassinados por um poderosíssimo bruxo quando ele ainda era um bebê."
   }
  },
  {
   "kind": "books#volume",
   "id": "iO5pApw2JycC",
   "etag": "SVvS8oQlQsY",
   "selfLink": "https://www.googleapis.com/books/v1/volumes/iO5pApw2JycC",
   "volumeInfo": {
    "title": "The Ivory Tower and Harry Potter",
    "subtitle": "Perspectives on a Literary Phenomenon",
    "authors": [
     "Lana A. Whited"
    ],
    "publisher": "University of Missouri Press",
    "publishedDate": "2004",
    "description": "Now available in paper, The Ivory Tower and Harry Potter is the first book-length analysis of J. K. Rowling's work from a broad range of perspectives within literature, folklore, psychology, sociology, and popular culture. A significant portion of the book explores the Harry Potter series' literary ancestors, including magic and fantasy works by Ursula K. LeGuin, Monica Furlong, Jill Murphy, and others, as well as previous works about the British boarding school experience. Other chapters explore the moral and ethical dimensions of Harry's world, including objections to the series raised within some religious circles. In her new epilogue, Lana A. Whited brings this volume up to date by covering Rowling's latest book, Harry Potter and the Order of the Phoenix.",
    "industryIdentifiers": [
     {
      "type": "ISBN_10",
      "identifier": "0826215491"
     },
     {
      "type": "ISBN_13",
      "identifier": "9780826215499"
     }
    ],
    "readingModes": {
     "text": true,
     "image": true
    },
    "pageCount": 418,
    "printType": "BOOK",
    "categories": [
     "Literary Criticism"
    ],
    "averageRating": 4.5,
    "ratingsCount": 13,
    "maturityRating": "NOT_MATURE",
    "allowAnonLogging": false,
    "contentVersion": "2.0.4.0.preview.3",
    "panelizationSummary": {
     "containsEpubBubbles": false,
     "containsImageBubbles": false
    },
    "imageLinks": {
     "smallThumbnail": "http://books.google.com/books/content?id=iO5pApw2JycC&printsec=frontcover&img=1&zoom=5&edge=curl&source=gbs_api",
     "thumbnail": "http://books.google.com/books/content?id=iO5pApw2JycC&printsec=frontcover&img=1&zoom=1&edge=curl&source=gbs_api"
    },
    "language": "en",
    "previewLink": "http://books.google.com.br/books?id=iO5pApw2JycC&printsec=frontcover&dq=HARRY+POTTER&hl=&cd=2&source=gbs_api",
    "infoLink": "http://books.google.com.br/books?id=iO5pApw2JycC&dq=HARRY+POTTER&hl=&source=gbs_api",
    "canonicalVolumeLink": "https://books.google.com/books/about/The_Ivory_Tower_and_Harry_Potter.html?hl=&id=iO5pApw2JycC"
   },
   "saleInfo": {
    "country": "BR",
    "saleability": "NOT_FOR_SALE",
    "isEbook": false
   },
   "accessInfo": {
    "country": "BR",
    "viewability": "PARTIAL",
    "embeddable": true,
    "publicDomain": false,
    "textToSpeechPermission": "ALLOWED",
    "epub": {
     "isAvailable": true,
     "acsTokenLink": "http://books.google.com.br/books/download/The_Ivory_Tower_and_Harry_Potter-sample-epub.acsm?id=iO5pApw2JycC&format=epub&output=acs4_fulfillment_token&dl_type=sample&source=gbs_api"
    },
    "pdf": {
     "isAvailable": false
    },
    "webReaderLink": "http://play.google.com/books/reader?id=iO5pApw2JycC&hl=&printsec=frontcover&source=gbs_api",
    "accessViewStatus": "SAMPLE",
    "quoteSharingAllowed": false
   },
   "searchInfo": {
    "textSnippet": "In her new epilogue, Lana A. Whited brings this volume up to date by covering Rowling&#39;s latest book, Harry Potter and the Order of the Phoenix."
   }
  },
  {
   "kind": "books#volume",
   "id": "Aaug_RnI-xQC",
   "etag": "3D8+4YqfFxg",
   "selfLink": "https://www.googleapis.com/books/v1/volumes/Aaug_RnI-xQC",
   "volumeInfo": {
    "title": "The Irresistible Rise of Harry Potter",
    "authors": [
     "Andrew Blake"
    ],
    "publisher": "Verso",
    "publishedDate": "2002",
    "description": "Blake's examination of the Potter phenomenon raises serious questions about the condition of the publishing industry, filmmaking, and the ways in which the Potter consumer campaign has changed ideas about literature and reading.",
    "industryIdentifiers": [
     {
      "type": "ISBN_10",
      "identifier": "1859846661"
     },
     {
      "type": "ISBN_13",
      "identifier": "9781859846667"
     }
    ],
    "readingModes": {
     "text": false,
     "image": true
    },
    "pageCount": 118,
    "printType": "BOOK",
    "categories": [
     "Literary Criticism"
    ],
    "averageRating": 4.0,
    "ratingsCount": 7,
    "maturityRating": "NOT_MATURE",
    "allowAnonLogging": false,
    "contentVersion": "1.1.2.0.preview.1",
    "panelizationSummary": {
     "containsEpubBubbles": false,
     "containsImageBubbles": false
    },
    "imageLinks": {
     "smallThumbnail": "http://books.google.com/books/content?id=Aaug_RnI-xQC&printsec=frontcover&img=1&zoom=5&edge=curl&source=gbs_api",
     "thumbnail": "http://books.google.com/books/content?id=Aaug_RnI-xQC&printsec=frontcover&img=1&zoom=1&edge=curl&source=gbs_api"
    },
    "language": "en",
    "previewLink": "http://books.google.com.br/books?id=Aaug_RnI-xQC&printsec=frontcover&dq=HARRY+POTTER&hl=&cd=3&source=gbs_api",
    "infoLink": "http://books.google.com.br/books?id=Aaug_RnI-xQC&dq=HARRY+POTTER&hl=&source=gbs_api",
    "canonicalVolumeLink": "https://books.google.com/books/about/The_Irresistible_Rise_of_Harry_Potter.html?hl=&id=Aaug_RnI-xQC"
   },
   "saleInfo": {
    "country": "BR",
    "saleability": "NOT_FOR_SALE",
    "isEbook": false
   },
   "accessInfo": {
    "country": "BR",
    "viewability": "PARTIAL",
    "embeddable": true,
    "publicDomain": false,
    "textToSpeechPermission": "ALLOWED",
    "epub": {
     "isAvailable": false
    },
    "pdf": {
     "isAvailable": false
    },
    "webReaderLink": "http://play.google.com/books/reader?id=Aaug_RnI-xQC&hl=&printsec=frontcover&source=gbs_api",
    "accessViewStatus": "SAMPLE",
    "quoteSharingAllowed": false
   },
   "searchInfo": {
    "textSnippet": "Blake&#39;s examination of the Potter phenomenon raises serious questions about the condition of the publishing industry, filmmaking, and the ways in which the Potter consumer campaign has changed ideas about literature and reading."
   }
  },
  {
   "kind": "books#volume",
   "id": "-DgQCwAAQBAJ",
   "etag": "B3SdqV6Yncw",
   "selfLink": "https://www.googleapis.com/books/v1/volumes/-DgQCwAAQBAJ",
   "volumeInfo": {
    "title": "Harry Potter e as Relíquias da Morte",
    "authors": [
     "J.K. Rowling"
    ],
    "publisher": "Pottermore Publishing",
    "publishedDate": "2015-12-08",
    "description": "Em Harry Potter e as Relíquias da Morte, o encontro inevitável com Lord Voldemort não pode mais ser adiado. Harry, no entanto, precisa ganhar tempo para encontrar as Horcruxes que ainda estão faltando. E, pelo caminho, descobrir o que são afinal as Relíquias da Morte e como ele pode usá-las contra o Lorde das Trevas. Seguindo as poucas pistas deixadas por Dumbledore, Harry conta apenas com a ajuda dos leais amigos Rony e Hermione. Juntos, eles percorrem lugares nunca visitados, descobrem histórias nebulosas sobre pessoas queridas e acabam por desvendar mistérios que os incomodavam há muito tempo.",
    "industryIdentifiers": [
     {
      "type": "ISBN_13",
      "identifier": "9781781104064"
     },
     {
      "type": "ISBN_10",
      "identifier": "1781104069"
     }
    ],
    "readingModes": {
     "text": true,
     "image": true
    },
    "pageCount": 551,
    "printType": "BOOK",
    "categories": [
     "Juvenile Fiction"
    ],
    "maturityRating": "NOT_MATURE",
    "allowAnonLogging": true,
    "contentVersion": "1.5.8.0.preview.3",
    "panelizationSummary": {
     "containsEpubBubbles": false,
     "containsImageBubbles": false
    },
    "imageLinks": {
     "smallThumbnail": "http://books.google.com/books/content?id=-DgQCwAAQBAJ&printsec=frontcover&img=1&zoom=5&edge=curl&source=gbs_api",
     "thumbnail": "http://books.google.com/books/content?id=-DgQCwAAQBAJ&printsec=frontcover&img=1&zoom=1&edge=curl&source=gbs_api"
    },
    "language": "pt",
    "previewLink": "http://books.google.com.br/books?id=-DgQCwAAQBAJ&printsec=frontcover&dq=HARRY+POTTER&hl=&cd=4&source=gbs_api",
    "infoLink": "https://play.google.com/store/books/details?id=-DgQCwAAQBAJ&source=gbs_api",
    "canonicalVolumeLink": "https://play.google.com/store/books/details?id=-DgQCwAAQBAJ"
   },
   "saleInfo": {
    "country": "BR",
    "saleability": "FOR_SALE",
    "isEbook": true,
    "listPrice": {
     "amount": 24.9,
     "currencyCode": "BRL"
    },
    "retailPrice": {
     "amount": 24.9,
     "currencyCode": "BRL"
    },
    "buyLink": "https://play.google.com/store/books/details?id=-DgQCwAAQBAJ&rdid=book--DgQCwAAQBAJ&rdot=1&source=gbs_api",
    "offers": [
     {
      "finskyOfferType": 1,
      "listPrice": {
       "amountInMicros": 2.49E7,
       "currencyCode": "BRL"
      },
      "retailPrice": {
       "amountInMicros": 2.49E7,
       "currencyCode": "BRL"
      },
      "giftable": true
     }
    ]
   },
   "accessInfo": {
    "country": "BR",
    "viewability": "PARTIAL",
    "embeddable": true,
    "publicDomain": false,
    "textToSpeechPermission": "ALLOWED",
    "epub": {
     "isAvailable": true,
     "acsTokenLink": "http://books.google.com.br/books/download/Harry_Potter_e_as_Rel%C3%ADquias_da_Morte-sample-epub.acsm?id=-DgQCwAAQBAJ&format=epub&output=acs4_fulfillment_token&dl_type=sample&source=gbs_api"
    },
    "pdf": {
     "isAvailable": true,
     "acsTokenLink": "http://books.google.com.br/books/download/Harry_Potter_e_as_Rel%C3%ADquias_da_Morte-sample-pdf.acsm?id=-DgQCwAAQBAJ&format=pdf&output=acs4_fulfillment_token&dl_type=sample&source=gbs_api"
    },
    "webReaderLink": "http://play.google.com/books/reader?id=-DgQCwAAQBAJ&hl=&printsec=frontcover&source=gbs_api",
    "accessViewStatus": "SAMPLE",
    "quoteSharingAllowed": false
   },
   "searchInfo": {
    "textSnippet": "Em Harry Potter e as Relíquias da Morte, o encontro inevitável com Lord Voldemort não pode mais ser adiado."
   }
  },
  {
   "kind": "books#volume",
   "id": "hjcQCwAAQBAJ",
   "etag": "TCrrf2vjT6o",
   "selfLink": "https://www.googleapis.com/books/v1/volumes/hjcQCwAAQBAJ",
   "volumeInfo": {
    "title": "Harry Potter e a Câmara Secreta",
    "authors": [
     "J.K. Rowling"
    ],
    "publisher": "Pottermore Publishing",
    "publishedDate": "2015-12-08",
    "description": "Para Harry, garoto sem família e rejeitado pelos tios, Hogwarts é tudo. Portanto, quando colegas, e até professores, começam a desconfiar que ele tem alguma participação nas tragédias que estão acontecendo no colégio, a situação fica mais complicada. Até Hermione, amiga querida de Potter, é atacada pelo monstro e se transforma numa estátua. Só resta ao nosso herói tentar resolver o mistério por conta própria. Mais uma vez, ele enfrenta o terrível bruxo das trevas e... O final é surpreendente e muito divertido.",
    "industryIdentifiers": [
     {
      "type": "ISBN_13",
      "identifier": "9781781103692"
     },
     {
      "type": "ISBN_10",
      "identifier": "1781103690"
     }
    ],
    "readingModes": {
     "text": true,
     "image": true
    },
    "pageCount": 252,
    "printType": "BOOK",
    "categories": [
     "Juvenile Fiction"
    ],
    "maturityRating": "NOT_MATURE",
    "allowAnonLogging": true,
    "contentVersion": "1.5.8.0.preview.3",
    "panelizationSummary": {
     "containsEpubBubbles": false,
     "containsImageBubbles": false
    },
    "imageLinks": {
     "smallThumbnail": "http://books.google.com/books/content?id=hjcQCwAAQBAJ&printsec=frontcover&img=1&zoom=5&edge=curl&source=gbs_api",
     "thumbnail": "http://books.google.com/books/content?id=hjcQCwAAQBAJ&printsec=frontcover&img=1&zoom=1&edge=curl&source=gbs_api"
    },
    "language": "pt",
    "previewLink": "http://books.google.com.br/books?id=hjcQCwAAQBAJ&printsec=frontcover&dq=HARRY+POTTER&hl=&cd=5&source=gbs_api",
    "infoLink": "https://play.google.com/store/books/details?id=hjcQCwAAQBAJ&source=gbs_api",
    "canonicalVolumeLink": "https://play.google.com/store/books/details?id=hjcQCwAAQBAJ"
   },
   "saleInfo": {
    "country": "BR",
    "saleability": "FOR_SALE",
    "isEbook": true,
    "listPrice": {
     "amount": 24.9,
     "currencyCode": "BRL"
    },
    "retailPrice": {
     "amount": 24.9,
     "currencyCode": "BRL"
    },
    "buyLink": "https://play.google.com/store/books/details?id=hjcQCwAAQBAJ&rdid=book-hjcQCwAAQBAJ&rdot=1&source=gbs_api",
    "offers": [
     {
      "finskyOfferType": 1,
      "listPrice": {
       "amountInMicros": 2.49E7,
       "currencyCode": "BRL"
      },
      "retailPrice": {
       "amountInMicros": 2.49E7,
       "currencyCode": "BRL"
      },
      "giftable": true
     }
    ]
   },
   "accessInfo": {
    "country": "BR",
    "viewability": "PARTIAL",
    "embeddable": true,
    "publicDomain": false,
    "textToSpeechPermission": "ALLOWED",
    "epub": {
     "isAvailable": true,
     "acsTokenLink": "http://books.google.com.br/books/download/Harry_Potter_e_a_C%C3%A2mara_Secreta-sample-epub.acsm?id=hjcQCwAAQBAJ&format=epub&output=acs4_fulfillment_token&dl_type=sample&source=gbs_api"
    },
    "pdf": {
     "isAvailable": true,
     "acsTokenLink": "http://books.google.com.br/books/download/Harry_Potter_e_a_C%C3%A2mara_Secreta-sample-pdf.acsm?id=hjcQCwAAQBAJ&format=pdf&output=acs4_fulfillment_token&dl_type=sample&source=gbs_api"
    },
    "webReaderLink": "http://play.google.com/books/reader?id=hjcQCwAAQBAJ&hl=&printsec=frontcover&source=gbs_api",
    "accessViewStatus": "SAMPLE",
    "quoteSharingAllowed": false
   },
   "searchInfo": {
    "textSnippet": "Para Harry, garoto sem família e rejeitado pelos tios, Hogwarts é tudo."
   }
  },
  {
   "kind": "books#volume",
   "id": "szF_pLGmJTQC",
   "etag": "FsxqntvBpe4",
   "selfLink": "https://www.googleapis.com/books/v1/volumes/szF_pLGmJTQC",
   "volumeInfo": {
    "title": "Baptizing Harry Potter",
    "subtitle": "A Christian Reading of J.K. Rowling",
    "authors": [
     "Luke Bell"
    ],
    "publisher": "Paulist Press",
    "publishedDate": "2010",
    "description": "The scope and tragedy of the thing : the structure of the series -- More things in heaven and earth : going beyond the normal -- As if a man were author of himself : good against evil -- Be absolute for death : life and death -- Power is made perfect in weakness : power and weakness -- To lay down one's life for one's friends : love and sacrifice -- It is essential that you understand this : freedom and determination -- A pretty boring life : the hidden and the ostentatious -- Telling it like it is : the struggle for truth -- They will see God : purity of heart and purity of blood.",
    "industryIdentifiers": [
     {
      "type": "ISBN_13",
      "identifier": "9781616431150"
     },
     {
      "type": "ISBN_10",
      "identifier": "1616431156"
     }
    ],
    "readingModes": {
     "text": false,
     "image": true
    },
    "pageCount": 224,
    "printType": "BOOK",
    "categories": [
     "Children"
    ],
    "averageRating": 3.0,
    "ratingsCount": 3,
    "maturityRating": "NOT_MATURE",
    "allowAnonLogging": true,
    "contentVersion": "0.1.0.0.preview.1",
    "panelizationSummary": {
     "containsEpubBubbles": false,
     "containsImageBubbles": false
    },
    "imageLinks": {
     "smallThumbnail": "http://books.google.com/books/content?id=szF_pLGmJTQC&printsec=frontcover&img=1&zoom=5&edge=curl&source=gbs_api",
     "thumbnail": "http://books.google.com/books/content?id=szF_pLGmJTQC&printsec=frontcover&img=1&zoom=1&edge=curl&source=gbs_api"
    },
    "language": "en",
    "previewLink": "http://books.google.com.br/books?id=szF_pLGmJTQC&printsec=frontcover&dq=HARRY+POTTER&hl=&cd=6&source=gbs_api",
    "infoLink": "https://play.google.com/store/books/details?id=szF_pLGmJTQC&source=gbs_api",
    "canonicalVolumeLink": "https://play.google.com/store/books/details?id=szF_pLGmJTQC"
   },
   "saleInfo": {
    "country": "BR",
    "saleability": "FOR_SALE",
    "isEbook": true,
    "listPrice": {
     "amount": 48.54,
     "currencyCode": "BRL"
    },
    "retailPrice": {
     "amount": 48.54,
     "currencyCode": "BRL"
    },
    "buyLink": "https://play.google.com/store/books/details?id=szF_pLGmJTQC&rdid=book-szF_pLGmJTQC&rdot=1&source=gbs_api",
    "offers": [
     {
      "finskyOfferType": 1,
      "listPrice": {
       "amountInMicros": 4.854E7,
       "currencyCode": "BRL"
      },
      "retailPrice": {
       "amountInMicros": 4.854E7,
       "currencyCode": "BRL"
      },
      "giftable": true
     }
    ]
   },
   "accessInfo": {
    "country": "BR",
    "viewability": "PARTIAL",
    "embeddable": true,
    "publicDomain": false,
    "textToSpeechPermission": "ALLOWED",
    "epub": {
     "isAvailable": false
    },
    "pdf": {
     "isAvailable": true,
     "acsTokenLink": "http://books.google.com.br/books/download/Baptizing_Harry_Potter-sample-pdf.acsm?id=szF_pLGmJTQC&format=pdf&output=acs4_fulfillment_token&dl_type=sample&source=gbs_api"
    },
    "webReaderLink": "http://play.google.com/books/reader?id=szF_pLGmJTQC&hl=&printsec=frontcover&source=gbs_api",
    "accessViewStatus": "SAMPLE",
    "quoteSharingAllowed": false
   },
   "searchInfo": {
    "textSnippet": "The scope and tragedy of the thing : the structure of the series -- More things in heaven and earth : going beyond the normal -- As if a man were author of himself : good against evil -- Be absolute for death : life and death -- Power is ..."
   }
  },
  {
   "kind": "books#volume",
   "id": "yjUQCwAAQBAJ",
   "etag": "imL7jTOxoks",
   "selfLink": "https://www.googleapis.com/books/v1/volumes/yjUQCwAAQBAJ",
   "volumeInfo": {
    "title": "Harry Potter e o enigma do Príncipe",
    "authors": [
     "J.K. Rowling"
    ],
    "publisher": "Pottermore Publishing",
    "publishedDate": "2015-12-08",
    "description": "Harry, longe de ser aquele menino magricela que vivia no quarto debaixo da escada na casa dos tios trouxas, é um dos principais nomes entre aqueles que lutam contra Voldemort, e se vê cada vez mais isolado à medida em que os rumores de que ele é O Eleito, o único capaz de derrotar o Lorde das Trevas, se espalham pelo mundo bruxo. Dois atentados contra a vida de estudantes, a certeza de Harry quanto ao envolvimento de Draco Malfoy com os Comensais da Morte e o comportamento de Snape, suspeito como sempre, adicionam ainda mais tensão ao já inquietante período.",
    "industryIdentifiers": [
     {
      "type": "ISBN_13",
      "identifier": "9781781104057"
     },
     {
      "type": "ISBN_10",
      "identifier": "1781104050"
     }
    ],
    "readingModes": {
     "text": true,
     "image": true
    },
    "pageCount": 471,
    "printType": "BOOK",
    "categories": [
     "Juvenile Fiction"
    ],
    "maturityRating": "NOT_MATURE",
    "allowAnonLogging": true,
    "contentVersion": "1.5.8.0.preview.3",
    "panelizationSummary": {
     "containsEpubBubbles": false,
     "containsImageBubbles": false
    },
    "imageLinks": {
     "smallThumbnail": "http://books.google.com/books/content?id=yjUQCwAAQBAJ&printsec=frontcover&img=1&zoom=5&edge=curl&source=gbs_api",
     "thumbnail": "http://books.google.com/books/content?id=yjUQCwAAQBAJ&printsec=frontcover&img=1&zoom=1&edge=curl&source=gbs_api"
    },
    "language": "pt",
    "previewLink": "http://books.google.com.br/books?id=yjUQCwAAQBAJ&printsec=frontcover&dq=HARRY+POTTER&hl=&cd=7&source=gbs_api",
    "infoLink": "https://play.google.com/store/books/details?id=yjUQCwAAQBAJ&source=gbs_api",
    "canonicalVolumeLink": "https://play.google.com/store/books/details?id=yjUQCwAAQBAJ"
   },
   "saleInfo": {
    "country": "BR",
    "saleability": "FOR_SALE",
    "isEbook": true,
    "listPrice": {
     "amount": 24.9,
     "currencyCode": "BRL"
    },
    "retailPrice": {
     "amount": 24.9,
     "currencyCode": "BRL"
    },
    "buyLink": "https://play.google.com/store/books/details?id=yjUQCwAAQBAJ&rdid=book-yjUQCwAAQBAJ&rdot=1&source=gbs_api",
    "offers": [
     {
      "finskyOfferType": 1,
      "listPrice": {
       "amountInMicros": 2.49E7,
       "currencyCode": "BRL"
      },
      "retailPrice": {
       "amountInMicros": 2.49E7,
       "currencyCode": "BRL"
      },
      "giftable": true
     }
    ]
   },
   "accessInfo": {
    "country": "BR",
    "viewability": "PARTIAL",
    "embeddable": true,
    "publicDomain": false,
    "textToSpeechPermission": "ALLOWED",
    "epub": {
     "isAvailable": true,
     "acsTokenLink": "http://books.google.com.br/books/download/Harry_Potter_e_o_enigma_do_Pr%C3%ADncipe-sample-epub.acsm?id=yjUQCwAAQBAJ&format=epub&output=acs4_fulfillment_token&dl_type=sample&source=gbs_api"
    },
    "pdf": {
     "isAvailable": true,
     "acsTokenLink": "http://books.google.com.br/books/download/Harry_Potter_e_o_enigma_do_Pr%C3%ADncipe-sample-pdf.acsm?id=yjUQCwAAQBAJ&format=pdf&output=acs4_fulfillment_token&dl_type=sample&source=gbs_api"
    },
    "webReaderLink": "http://play.google.com/books/reader?id=yjUQCwAAQBAJ&hl=&printsec=frontcover&source=gbs_api",
    "accessViewStatus": "SAMPLE",
    "quoteSharingAllowed": false
   },
   "searchInfo": {
    "textSnippet": "Harry, longe de ser aquele menino magricela que vivia no quarto debaixo da escada na casa dos tios trouxas, é um dos principais nomes entre aqueles que lutam contra Voldemort, e se vê cada vez mais isolado à medida em que os rumores de ..."
   }
  },
  {
   "kind": "books#volume",
   "id": "WV8pZj_oNBwC",
   "etag": "fS5mGdVfCW8",
   "selfLink": "https://www.googleapis.com/books/v1/volumes/WV8pZj_oNBwC",
   "volumeInfo": {
    "title": "Harry Potter Power",
    "authors": [
     "Julie-Anne Sykley"
    ],
    "publisher": "Interactive Publications",
    "publishedDate": "2010",
    "description": "Uses motifs and situations from the popular 'Harry Potter' series and links them to theories and strategies designed to help young people overcome anxiety, anger, depression and grief.",
    "industryIdentifiers": [
     {
      "type": "ISBN_13",
      "identifier": "9781921479311"
     },
     {
      "type": "ISBN_10",
      "identifier": "1921479310"
     }
    ],
    "readingModes": {
     "text": false,
     "image": true
    },
    "pageCount": 268,
    "printType": "BOOK",
    "categories": [
     "Juvenile Nonfiction"
    ],
    "averageRating": 1.0,
    "ratingsCount": 1,
    "maturityRating": "NOT_MATURE",
    "allowAnonLogging": true,
    "contentVersion": "1.0.0.0.preview.1",
    "imageLinks": {
     "smallThumbnail": "http://books.google.com/books/content?id=WV8pZj_oNBwC&printsec=frontcover&img=1&zoom=5&edge=curl&source=gbs_api",
     "thumbnail": "http://books.google.com/books/content?id=WV8pZj_oNBwC&printsec=frontcover&img=1&zoom=1&edge=curl&source=gbs_api"
    },
    "language": "en",
    "previewLink": "http://books.google.com.br/books?id=WV8pZj_oNBwC&printsec=frontcover&dq=HARRY+POTTER&hl=&cd=8&source=gbs_api",
    "infoLink": "https://play.google.com/store/books/details?id=WV8pZj_oNBwC&source=gbs_api",
    "canonicalVolumeLink": "https://play.google.com/store/books/details?id=WV8pZj_oNBwC"
   },
   "saleInfo": {
    "country": "BR",
    "saleability": "FOR_SALE",
    "isEbook": true,
    "listPrice": {
     "amount": 58.37,
     "currencyCode": "BRL"
    },
    "retailPrice": {
     "amount": 58.37,
     "currencyCode": "BRL"
    },
    "buyLink": "https://play.google.com/store/books/details?id=WV8pZj_oNBwC&rdid=book-WV8pZj_oNBwC&rdot=1&source=gbs_api",
    "offers": [
     {
      "finskyOfferType": 1,
      "listPrice": {
       "amountInMicros": 5.837E7,
       "currencyCode": "BRL"
      },
      "retailPrice": {
       "amountInMicros": 5.837E7,
       "currencyCode": "BRL"
      },
      "giftable": true
     }
    ]
   },
   "accessInfo": {
    "country": "BR",
    "viewability": "PARTIAL",
    "embeddable": true,
    "publicDomain": false,
    "textToSpeechPermission": "ALLOWED",
    "epub": {
     "isAvailable": false
    },
    "pdf": {
     "isAvailable": true
    },
    "webReaderLink": "http://play.google.com/books/reader?id=WV8pZj_oNBwC&hl=&printsec=frontcover&source=gbs_api",
    "accessViewStatus": "SAMPLE",
    "quoteSharingAllowed": false
   },
   "searchInfo": {
    "textSnippet": "&quot;[The author] shows how the universal themes in the Harry Potter series can make your life more positive and healthy and your lifestyle more sustainable.&quot;--Back cover."
   }
  },
  {
   "kind": "books#volume",
   "id": "DKcWE3WXoj8C",
   "etag": "yaaYhPTXfFA",
   "selfLink": "https://www.googleapis.com/books/v1/volumes/DKcWE3WXoj8C",
   "volumeInfo": {
    "title": "Harry Potter and International Relations",
    "authors": [
     "Daniel H. Nexon",
     "Iver B. Neumann"
    ],
    "publisher": "Rowman & Littlefield",
    "publishedDate": "2006",
    "description": "Drawing on a range of historical and sociological sources, this work shows how aspects of Harry's world contain aspects of our own. It also includes chapters on the political economy of the franchise, and on the problems of studying popular culture.",
    "industryIdentifiers": [
     {
      "type": "ISBN_10",
      "identifier": "0742539598"
     },
     {
      "type": "ISBN_13",
      "identifier": "9780742539594"
     }
    ],
    "readingModes": {
     "text": false,
     "image": true
    },
    "pageCount": 245,
    "printType": "BOOK",
    "categories": [
     "Literary Criticism"
    ],
    "averageRating": 4.0,
    "ratingsCount": 7,
    "maturityRating": "NOT_MATURE",
    "allowAnonLogging": false,
    "contentVersion": "preview-1.0.0",
    "panelizationSummary": {
     "containsEpubBubbles": false,
     "containsImageBubbles": false
    },
    "imageLinks": {
     "smallThumbnail": "http://books.google.com/books/content?id=DKcWE3WXoj8C&printsec=frontcover&img=1&zoom=5&edge=curl&source=gbs_api",
     "thumbnail": "http://books.google.com/books/content?id=DKcWE3WXoj8C&printsec=frontcover&img=1&zoom=1&edge=curl&source=gbs_api"
    },
    "language": "en",
    "previewLink": "http://books.google.com.br/books?id=DKcWE3WXoj8C&printsec=frontcover&dq=HARRY+POTTER&hl=&cd=9&source=gbs_api",
    "infoLink": "http://books.google.com.br/books?id=DKcWE3WXoj8C&dq=HARRY+POTTER&hl=&source=gbs_api",
    "canonicalVolumeLink": "https://books.google.com/books/about/Harry_Potter_and_International_Relations.html?hl=&id=DKcWE3WXoj8C"
   },
   "saleInfo": {
    "country": "BR",
    "saleability": "NOT_FOR_SALE",
    "isEbook": false
   },
   "accessInfo": {
    "country": "BR",
    "viewability": "PARTIAL",
    "embeddable": true,
    "publicDomain": false,
    "textToSpeechPermission": "ALLOWED",
    "epub": {
     "isAvailable": false
    },
    "pdf": {
     "isAvailable": true,
     "acsTokenLink": "http://books.google.com.br/books/download/Harry_Potter_and_International_Relations-sample-pdf.acsm?id=DKcWE3WXoj8C&format=pdf&output=acs4_fulfillment_token&dl_type=sample&source=gbs_api"
    },
    "webReaderLink": "http://play.google.com/books/reader?id=DKcWE3WXoj8C&hl=&printsec=frontcover&source=gbs_api",
    "accessViewStatus": "SAMPLE",
    "quoteSharingAllowed": false
   },
   "searchInfo": {
    "textSnippet": "Drawing on a range of historical and sociological sources, this work shows how aspects of Harry&#39;s world contain aspects of our own."
   }
  },
  {
   "kind": "books#volume",
   "id": "-__ICQemqaEC",
   "etag": "lwZLse/A3AE",
   "selfLink": "https://www.googleapis.com/books/v1/volumes/-__ICQemqaEC",
   "volumeInfo": {
    "title": "Reading Harry Potter",
    "subtitle": "Critical Essays",
    "authors": [
     "Giselle Liza Anatol"
    ],
    "publisher": "Greenwood Publishing Group",
    "publishedDate": "2003",
    "description": "The tropes and themes of J. K. Rowling's massively popular series are interpreted within the context of its audience.",
    "industryIdentifiers": [
     {
      "type": "ISBN_10",
      "identifier": "0313320675"
     },
     {
      "type": "ISBN_13",
      "identifier": "9780313320675"
     }
    ],
    "readingModes": {
     "text": true,
     "image": true
    },
    "pageCount": 217,
    "printType": "BOOK",
    "categories": [
     "Literary Criticism"
    ],
    "averageRating": 5.0,
    "ratingsCount": 8,
    "maturityRating": "NOT_MATURE",
    "allowAnonLogging": true,
    "contentVersion": "0.1.2.0.preview.3",
    "panelizationSummary": {
     "containsEpubBubbles": false,
     "containsImageBubbles": false
    },
    "imageLinks": {
     "smallThumbnail": "http://books.google.com/books/content?id=-__ICQemqaEC&printsec=frontcover&img=1&zoom=5&edge=curl&source=gbs_api",
     "thumbnail": "http://books.google.com/books/content?id=-__ICQemqaEC&printsec=frontcover&img=1&zoom=1&edge=curl&source=gbs_api"
    },
    "language": "en",
    "previewLink": "http://books.google.com.br/books?id=-__ICQemqaEC&printsec=frontcover&dq=HARRY+POTTER&hl=&cd=10&source=gbs_api",
    "infoLink": "http://books.google.com.br/books?id=-__ICQemqaEC&dq=HARRY+POTTER&hl=&source=gbs_api",
    "canonicalVolumeLink": "https://books.google.com/books/about/Reading_Harry_Potter.html?hl=&id=-__ICQemqaEC"
   },
   "saleInfo": {
    "country": "BR",
    "saleability": "NOT_FOR_SALE",
    "isEbook": false
   },
   "accessInfo": {
    "country": "BR",
    "viewability": "PARTIAL",
    "embeddable": true,
    "publicDomain": false,
    "textToSpeechPermission": "ALLOWED",
    "epub": {
     "isAvailable": true,
     "acsTokenLink": "http://books.google.com.br/books/download/Reading_Harry_Potter-sample-epub.acsm?id=-__ICQemqaEC&format=epub&output=acs4_fulfillment_token&dl_type=sample&source=gbs_api"
    },
    "pdf": {
     "isAvailable": true,
     "acsTokenLink": "http://books.google.com.br/books/download/Reading_Harry_Potter-sample-pdf.acsm?id=-__ICQemqaEC&format=pdf&output=acs4_fulfillment_token&dl_type=sample&source=gbs_api"
    },
    "webReaderLink": "http://play.google.com/books/reader?id=-__ICQemqaEC&hl=&printsec=frontcover&source=gbs_api",
    "accessViewStatus": "SAMPLE",
    "quoteSharingAllowed": false
   },
   "searchInfo": {
    "textSnippet": "The tropes and themes of J. K. Rowling&#39;s massively popular series are interpreted within the context of its audience."
   }
  }
 ]
}
